sharpe_ratio,max_drawdown,total_return
2.8290992745694314,0.2409345321384977,1.9454000000000007
